{"cameraMode":{"drawMode":0,"name":"Shaded","section":"Shading Mode"},"sceneLighting":false,"audioPlay":false,"sceneViewState":{"m_AlwaysRefresh":false,"showFog":true,"showSkybox":false,"showFlares":true,"showImageEffects":true,"showParticleSystems":true,"showVisualEffectGraphs":true,"m_FxEnabled":true},"in2DMode":false,"pivot":{"x":18.506366729736329,"y":0.9593126773834229,"z":0.7794907689094544},"rotation":{"x":0.025719715282320977,"y":0.9744686484336853,"z":-0.19216126203536988,"w":0.11764510720968247},"size":0.6167631149291992,"orthographic":false}