{"cameraMode":{"drawMode":0,"name":"Shaded","section":"Shading Mode"},"sceneLighting":false,"audioPlay":false,"sceneViewState":{"m_AlwaysRefresh":false,"showFog":true,"showSkybox":false,"showFlares":true,"showImageEffects":true,"showParticleSystems":true,"showVisualEffectGraphs":true,"m_FxEnabled":true},"in2DMode":false,"pivot":{"x":-1.0211950540542603,"y":2.5486953258514406,"z":0.555574893951416},"rotation":{"x":-0.001379317371174693,"y":-0.9996508359909058,"z":0.030057480558753015,"w":0.02852519415318966},"size":0.6167631149291992,"orthographic":false}