{"cameraMode":{"drawMode":0,"name":"Shaded","section":"Shading Mode"},"sceneLighting":false,"audioPlay":false,"sceneViewState":{"m_AlwaysRefresh":false,"showFog":true,"showSkybox":false,"showFlares":true,"showImageEffects":true,"showParticleSystems":true,"showVisualEffectGraphs":true,"m_FxEnabled":true},"in2DMode":false,"pivot":{"x":-1.7240084409713746,"y":1.142808437347412,"z":1.5866732597351075},"rotation":{"x":0.025719715282320977,"y":0.9744686484336853,"z":-0.19216126203536988,"w":0.11764510720968247},"size":0.3223172724246979,"orthographic":false}