{"cameraMode":{"drawMode":0,"name":"Shaded","section":"Shading Mode"},"sceneLighting":false,"audioPlay":false,"sceneViewState":{"m_AlwaysRefresh":false,"showFog":true,"showSkybox":false,"showFlares":true,"showImageEffects":true,"showParticleSystems":true,"showVisualEffectGraphs":true,"m_FxEnabled":true},"in2DMode":false,"pivot":{"x":3.512944459915161,"y":1.9746547937393189,"z":-13.63133430480957},"rotation":{"x":0.10589870065450669,"y":-0.8585295081138611,"z":0.20317509770393372,"w":0.46022430062294009},"size":1.0307765007019044,"orthographic":false}