{"cameraMode":{"drawMode":0,"name":"Shaded","section":"Shading Mode"},"sceneLighting":false,"audioPlay":false,"sceneViewState":{"m_AlwaysRefresh":false,"showFog":true,"showSkybox":false,"showFlares":true,"showImageEffects":true,"showParticleSystems":true,"showVisualEffectGraphs":true,"m_FxEnabled":true},"in2DMode":false,"pivot":{"x":11.220677375793457,"y":1.6439160108566285,"z":1.1875901222229005},"rotation":{"x":-0.1972656399011612,"y":-0.22303736209869386,"z":0.04621253162622452,"w":-0.9536172151565552},"size":1.9875251054763795,"orthographic":false}