{"cameraMode":{"drawMode":0,"name":"Shaded","section":"Shading Mode"},"sceneLighting":false,"audioPlay":false,"sceneViewState":{"m_AlwaysRefresh":false,"showFog":true,"showSkybox":false,"showFlares":true,"showImageEffects":true,"showParticleSystems":true,"showVisualEffectGraphs":true,"m_FxEnabled":true},"in2DMode":false,"pivot":{"x":15.291960716247559,"y":1.1083883047103882,"z":3.1508877277374269},"rotation":{"x":-0.2506665289402008,"y":-0.47993192076683047,"z":0.14543971419334413,"w":-0.828147292137146},"size":1.9875251054763795,"orthographic":false}