{"cameraMode":{"drawMode":0,"name":"Shaded","section":"Shading Mode"},"sceneLighting":false,"audioPlay":false,"sceneViewState":{"m_AlwaysRefresh":false,"showFog":true,"showSkybox":false,"showFlares":true,"showImageEffects":true,"showParticleSystems":true,"showVisualEffectGraphs":true,"m_FxEnabled":true},"in2DMode":false,"pivot":{"x":-0.02127397060394287,"y":1.6381895542144776,"z":-0.08104658126831055},"rotation":{"x":-0.2506665289402008,"y":-0.47993192076683047,"z":0.14543971419334413,"w":-0.828147292137146},"size":0.6284217834472656,"orthographic":false}