{"cameraMode":{"drawMode":0,"name":"Shaded","section":"Shading Mode"},"sceneLighting":false,"audioPlay":false,"sceneViewState":{"m_AlwaysRefresh":false,"showFog":true,"showSkybox":false,"showFlares":true,"showImageEffects":true,"showParticleSystems":true,"showVisualEffectGraphs":true,"m_FxEnabled":true},"in2DMode":false,"pivot":{"x":-0.4332866668701172,"y":-0.2621697783470154,"z":-0.2223852276802063},"rotation":{"x":0.12764790654182435,"y":-0.6852729916572571,"z":0.12343961000442505,"w":0.7064421772956848},"size":0.6284217834472656,"orthographic":false}