{"cameraMode":{"drawMode":0,"name":"Shaded","section":"Shading Mode"},"sceneLighting":false,"audioPlay":false,"sceneViewState":{"m_AlwaysRefresh":false,"showFog":true,"showSkybox":false,"showFlares":true,"showImageEffects":true,"showParticleSystems":true,"showVisualEffectGraphs":true,"m_FxEnabled":true},"in2DMode":false,"pivot":{"x":2.900106906890869,"y":0.49999958276748659,"z":-14.199756622314454},"rotation":{"x":0.2468460649251938,"y":0.1374579817056656,"z":-0.035469990223646167,"w":0.9587883949279785},"size":0.8660255074501038,"orthographic":false}