{"cameraMode":{"drawMode":0,"name":"Shaded","section":"Shading Mode"},"sceneLighting":false,"audioPlay":false,"sceneViewState":{"m_AlwaysRefresh":false,"showFog":true,"showSkybox":false,"showFlares":true,"showImageEffects":true,"showParticleSystems":true,"showVisualEffectGraphs":true,"m_FxEnabled":true},"in2DMode":false,"pivot":{"x":9.418395042419434,"y":2.289095401763916,"z":0.04478706046938896},"rotation":{"x":0.20039838552474976,"y":-0.7402276396751404,"z":0.25109100341796877,"w":0.5909500122070313},"size":0.8660256266593933,"orthographic":false}