{"cameraMode":{"drawMode":0,"name":"Shaded","section":"Shading Mode"},"sceneLighting":false,"audioPlay":false,"sceneViewState":{"m_AlwaysRefresh":false,"showFog":true,"showSkybox":false,"showFlares":true,"showImageEffects":true,"showParticleSystems":true,"showVisualEffectGraphs":true,"m_FxEnabled":true},"in2DMode":false,"pivot":{"x":12.80833625793457,"y":0.7339584231376648,"z":0.7727210521697998},"rotation":{"x":-0.026598570868372918,"y":0.6596397757530212,"z":-0.026550430804491044,"w":-0.7513130903244019},"size":0.394275039434433,"orthographic":false}