{"cameraMode":{"drawMode":0,"name":"Shaded","section":"Shading Mode"},"sceneLighting":true,"audioPlay":false,"sceneViewState":{"m_AlwaysRefresh":false,"showFog":true,"showSkybox":true,"showFlares":true,"showImageEffects":true,"showParticleSystems":true,"showVisualEffectGraphs":true,"m_FxEnabled":true},"in2DMode":false,"pivot":{"x":-2.6756696701049806,"y":1.5704364776611329,"z":17.3615779876709},"rotation":{"x":-0.22339627146720887,"y":-0.38492920994758608,"z":0.09357085078954697,"w":-0.8911687135696411},"size":2.9554481506347658,"orthographic":false}