{"cameraMode":{"drawMode":0,"name":"Shaded","section":"Shading Mode"},"sceneLighting":true,"audioPlay":false,"sceneViewState":{"m_AlwaysRefresh":false,"showFog":true,"showSkybox":true,"showFlares":true,"showImageEffects":true,"showParticleSystems":true,"showVisualEffectGraphs":true,"m_FxEnabled":true},"in2DMode":false,"pivot":{"x":-49.146888732910159,"y":-36.465545654296878,"z":15.306733131408692},"rotation":{"x":0.25055548548698428,"y":-0.5737392902374268,"z":0.1943417191505432,"w":0.7557721734046936},"size":34.938072204589847,"orthographic":false}