{"cameraMode":{"drawMode":0,"name":"Shaded","section":"Shading Mode"},"sceneLighting":true,"audioPlay":false,"sceneViewState":{"m_AlwaysRefresh":false,"showFog":true,"showSkybox":true,"showFlares":true,"showImageEffects":true,"showParticleSystems":true,"showVisualEffectGraphs":true,"m_FxEnabled":true},"in2DMode":false,"pivot":{"x":-0.7266867160797119,"y":0.7531566619873047,"z":-2.828130006790161},"rotation":{"x":0.08219587802886963,"y":-0.9136037826538086,"z":0.25695332884788515,"w":0.30595383048057558},"size":2.9554481506347658,"orthographic":false}