{"cameraMode":{"drawMode":0,"name":"Shaded","section":"Shading Mode"},"sceneLighting":true,"audioPlay":false,"sceneViewState":{"m_AlwaysRefresh":false,"showFog":true,"showSkybox":true,"showFlares":true,"showImageEffects":true,"showParticleSystems":true,"showVisualEffectGraphs":true,"m_FxEnabled":true},"in2DMode":false,"pivot":{"x":9.94703483581543,"y":-15.550048828125,"z":256.33587646484377},"rotation":{"x":0.04287879541516304,"y":0.019481288269162179,"z":-0.0008128033950924873,"w":0.9989154934883118},"size":137.57020568847657,"orthographic":false}