{"cameraMode":{"drawMode":0,"name":"Shaded","section":"Shading Mode"},"sceneLighting":false,"audioPlay":false,"sceneViewState":{"m_AlwaysRefresh":false,"showFog":true,"showSkybox":false,"showFlares":true,"showImageEffects":true,"showParticleSystems":true,"showVisualEffectGraphs":true,"m_FxEnabled":true},"in2DMode":false,"pivot":{"x":13.09090518951416,"y":1.269429087638855,"z":1.9682224988937379},"rotation":{"x":-0.00038670876529067755,"y":0.9922574758529663,"z":-0.1257544904947281,"w":-0.02503984235227108},"size":0.27015048265457156,"orthographic":false}